Overall rank,Player name,_,_,Market value at 10th December 2020,Change vs October 2020,Selected currency,Current club (20/21 season),Current league (20/21 season),Nationality,Position,Age,Height (cm),Preferred foot,Intl. caps,Intl. goals,End of contract,On loan from (parent club),Agent
1,Kylian Mbappé,https://www.footballbenchmark.com/documents/images/Logos/Paris Saint-Germain FC.png,https://www.footballbenchmark.com/documents/images/Flags/fr.png,200,0,EUR (€),Paris Saint-Germain FC,Ligue 1,France,Left winger,22.15,178,right,39,16,2022-06-30 00:00:00,,Wilfried Mbappé
2,Raheem Sterling,https://www.footballbenchmark.com/documents/images/Logos/Manchester City FC.png,https://www.footballbenchmark.com/documents/images/Flags/England.png,132.5,-5,EUR (€),Manchester City FC,Premier League,England,Left winger,26.18,,right,58,13,2023-06-30 00:00:00,"",Colossal Sports Management
3,Jadon Sancho,https://www.footballbenchmark.com/documents/images/Logos/Borussia Dortmund.png,https://www.footballbenchmark.com/documents/images/Flags/England.png,130,-5,EUR (€),Borussia Dortmund,Bundesliga,England,Right winger,20.88,,right,18,3,2023-06-30 00:00:00,"",Elite Project Group Ltd.
4,Neymar,https://www.footballbenchmark.com/documents/images/Logos/Paris Saint-Germain FC.png,https://www.footballbenchmark.com/documents/images/Flags/br.png,125,-5.202385579560087,EUR (€),Paris Saint-Germain FC,Ligue 1,Brazil,Left winger,29.02,175,right,103,64,2022-06-30 00:00:00,"",Neymar Sr.
5,Harry Kane,https://www.footballbenchmark.com/documents/images/Logos/Tottenham Hotspur FC.png,https://www.footballbenchmark.com/documents/images/Flags/England.png,124,3.9919882743303106,EUR (€),Tottenham Hotspur FC,Premier League,England,Forward,27.54,188,right,48,32,2024-06-30 00:00:00,"",CK66
6,Mohamed Salah,https://www.footballbenchmark.com/documents/images/Logos/Liverpool FC.png,https://www.footballbenchmark.com/documents/images/Flags/eg.png,122.2,-2.763007600792207,EUR (€),Liverpool FC,Premier League,Egypt,Right winger,28.66,175,left,67,41,2023-06-30 00:00:00,"",Ramy Abbas Issa
8,Kevin De Bruyne,https://www.footballbenchmark.com/documents/images/Logos/Manchester City FC.png,https://www.footballbenchmark.com/documents/images/Flags/be.png,120,0,EUR (€),Manchester City FC,Premier League,Belgium,Attacking midfielder,29.63,181,right,78,20,2023-06-30 00:00:00,"",J&S International Football Management
7,Sadio Mané,https://www.footballbenchmark.com/documents/images/Logos/Liverpool FC.png,https://www.footballbenchmark.com/documents/images/Flags/sn.png,120,-5,EUR (€),Liverpool FC,Premier League,Senegal,Left winger,28.84,175,right,71,21,2023-06-30 00:00:00,"",arena11 sports group
9,Marcus Rashford,https://www.footballbenchmark.com/documents/images/Logos/Manchester United FC.png,https://www.footballbenchmark.com/documents/images/Flags/England.png,112.2,4.84588643037614,EUR (€),Manchester United FC,Premier League,England,Left winger,23.29,180,right,39,11,2023-06-30 00:00:00,"",Dwaine Maynard
10,Erling Haaland,https://www.footballbenchmark.com/documents/images/Logos/Borussia Dortmund.png,https://www.footballbenchmark.com/documents/images/Flags/no.png,110.2,10.209295293877249,EUR (€),Borussia Dortmund,Bundesliga,Norway,Forward,20.56,178,left,7,6,2024-06-30 00:00:00,"",Mino Raiola
11,Trent Alexander-Arnold,https://www.footballbenchmark.com/documents/images/Logos/Liverpool FC.png,https://www.footballbenchmark.com/documents/images/Flags/England.png,107.1,-3.670223906223697,EUR (€),Liverpool FC,Premier League,England,Right-back,22.35,,right,12,1,2024-06-30 00:00:00,"",Pro Legal Group
12,Lionel Messi,https://www.footballbenchmark.com/documents/images/Logos/FC Barcelona.png,https://www.footballbenchmark.com/documents/images/Flags/ar.png,101.3,-12.588494743700906,EUR (€),FC Barcelona,La Liga,Argentina,Right winger,33.64,170,left,140,71,2021-06-30 00:00:00,"",Jorge Horacio Messi
13,Serge Gnabry,https://www.footballbenchmark.com/documents/images/Logos/FC Bayern München.png,https://www.footballbenchmark.com/documents/images/Flags/de.png,99.8,10.571032254323342,EUR (€),FC Bayern München,Bundesliga,Germany,Right winger,25.58,175,right,17,14,2023-06-30 00:00:00,"",Spielerrat
14,Romelu Lukaku,https://www.footballbenchmark.com/documents/images/Logos/FC Internazionale Milano.png,https://www.footballbenchmark.com/documents/images/Flags/be.png,99.7,8.025773448414142,EUR (€),FC Internazionale Milano,Serie A,Belgium,Forward,27.75,190,left,89,57,2024-06-30 00:00:00,"",P&P Sport Management
15,Joshua Kimmich,https://www.footballbenchmark.com/documents/images/Logos/FC Bayern München.png,https://www.footballbenchmark.com/documents/images/Flags/de.png,98.3,4.534661421083143,EUR (€),FC Bayern München,Bundesliga,Germany,Defensive midfielder,26.01,176,right,50,3,2023-06-30 00:00:00,"",Fair-Sport Gmbh
16,Kai Havertz,https://www.footballbenchmark.com/documents/images/Logos/Chelsea FC.png,https://www.footballbenchmark.com/documents/images/Flags/de.png,95,1.2974985730936908,EUR (€),Chelsea FC,Premier League,Germany,Attacking midfielder,21.67,,left,10,2,2025-06-30 00:00:00,"",Spielerrat
17,Bruno Fernandes,https://www.footballbenchmark.com/documents/images/Logos/Manchester United FC.png,https://www.footballbenchmark.com/documents/images/Flags/pt.png,92.5,4.967442199861438,EUR (€),Manchester United FC,Premier League,Portugal,Attacking midfielder,26.43,179,right,23,2,2025-06-30 00:00:00,"",Positionumber
18,Frenkie de Jong,https://www.footballbenchmark.com/documents/images/Logos/FC Barcelona.png,https://www.footballbenchmark.com/documents/images/Flags/nl.png,90.9,-2.4658169829798737,EUR (€),FC Barcelona,La Liga,Netherlands,Central midfielder,23.75,180,right,14,1,2026-06-30 00:00:00,"",HCM Sports Management
20,Matthijs de Ligt,https://www.footballbenchmark.com/documents/images/Logos/Juventus FC.png,https://www.footballbenchmark.com/documents/images/Flags/nl.png,90,-2.1797114617100988,EUR (€),Juventus FC,Serie A,Netherlands,Centre-back,21.50,188,right,21,2,2024-06-30 00:00:00,"",Mino Raiola
19,Timo Werner,https://www.footballbenchmark.com/documents/images/Logos/Chelsea FC.png,https://www.footballbenchmark.com/documents/images/Flags/de.png,90,1.0502311037507894,EUR (€),Chelsea FC,Premier League,Germany,Forward,24.94,180,right,35,15,2025-06-30 00:00:00,"",Karlheinz Förster
21,Lautaro Martínez,https://www.footballbenchmark.com/documents/images/Logos/FC Internazionale Milano.png,https://www.footballbenchmark.com/documents/images/Flags/ar.png,88.8,5.750367383174904,EUR (€),FC Internazionale Milano,Serie A,Argentina,Forward,23.48,174,right,19,10,2023-06-30 00:00:00,"",Carlos Yaqué
22,Saúl Ñíguez,https://www.footballbenchmark.com/documents/images/Logos/Atlético de Madrid.png,https://www.footballbenchmark.com/documents/images/Flags/es.png,88.1,-0.8239770955507737,EUR (€),Atlético de Madrid,La Liga,Spain,Central midfielder,26.23,,left,19,3,2026-06-30 00:00:00,"",Stellar Group
23,João Félix,https://www.footballbenchmark.com/documents/images/Logos/Atlético de Madrid.png,https://www.footballbenchmark.com/documents/images/Flags/pt.png,86,7.74766116001436,EUR (€),Atlético de Madrid,La Liga,Portugal,Forward,21.26,180,both,11,2,2026-06-30 00:00:00,,Soccer ProMaster
24,Leroy Sané,https://www.footballbenchmark.com/documents/images/Logos/FC Bayern München.png,https://www.footballbenchmark.com/documents/images/Flags/de.png,85.8,4.697460267679574,EUR (€),FC Bayern München,Bundesliga,Germany,Left winger,25.09,183,left,25,6,2025-06-30 00:00:00,"",Lian Sports
25,Alphonso Davies,https://www.footballbenchmark.com/documents/images/Logos/FC Bayern München.png,https://www.footballbenchmark.com/documents/images/Flags/ca.png,84.8,-3.929629225548624,EUR (€),FC Bayern München,Bundesliga,Canada,Left-back,20.28,181,left,17,5,2025-06-30 00:00:00,"",ATG Sports Management
26,Heung-min Son,https://www.footballbenchmark.com/documents/images/Logos/Tottenham Hotspur FC.png,https://www.footballbenchmark.com/documents/images/Flags/kr.png,84.6,7.721494216885161,EUR (€),Tottenham Hotspur FC,Premier League,South Korea,Left winger,28.60,,both,89,26,2023-06-30 00:00:00,"",Sports United GmbH
27,Jan Oblak,https://www.footballbenchmark.com/documents/images/Logos/Atlético de Madrid.png,https://www.footballbenchmark.com/documents/images/Flags/si.png,82.3,8.105937672856257,EUR (€),Atlético de Madrid,La Liga,Slovenia,Goalkeeper,28.10,,right,32,0,2023-06-30 00:00:00,"",PlayersPromotion AG
28,Antoine Griezmann,https://www.footballbenchmark.com/documents/images/Logos/FC Barcelona.png,https://www.footballbenchmark.com/documents/images/Flags/fr.png,81.6,-4.215432244878883,EUR (€),FC Barcelona,La Liga,France,Forward,29.90,176,left,85,32,2024-06-30 00:00:00,"",Maud Griezmann
29,Alisson,https://www.footballbenchmark.com/documents/images/Logos/Liverpool FC.png,https://www.footballbenchmark.com/documents/images/Flags/br.png,80,-1.0454973172493425,EUR (€),Liverpool FC,Premier League,Brazil,Goalkeeper,28.36,191,right,44,0,2024-06-30 00:00:00,"",Football Capital
30,Ansu Fati,https://www.footballbenchmark.com/documents/images/Logos/FC Barcelona.png,https://www.footballbenchmark.com/documents/images/Flags/es.png,79.3,12.060256210491788,EUR (€),FC Barcelona,La Liga,Spain,Left winger,18.29,178,right,4,1,2022-06-30 00:00:00,"",Roberto Tukada
31,Anthony Martial,https://www.footballbenchmark.com/documents/images/Logos/Manchester United FC.png,https://www.footballbenchmark.com/documents/images/Flags/fr.png,79.3,2.892775658271347,EUR (€),Manchester United FC,Premier League,France,Forward,25.19,181,right,20,1,2024-06-30 00:00:00,"",USFA Management
32,Bernardo Silva,https://www.footballbenchmark.com/documents/images/Logos/Manchester City FC.png,https://www.footballbenchmark.com/documents/images/Flags/pt.png,77.9,-2.6426629720288304,EUR (€),Manchester City FC,Premier League,Portugal,Right winger,26.51,173,left,49,7,2025-06-30 00:00:00,"",Gestifute
33,Robert Lewandowski,https://www.footballbenchmark.com/documents/images/Logos/FC Bayern München.png,https://www.footballbenchmark.com/documents/images/Flags/pl.png,77.9,-3.2628899594855483,EUR (€),FC Bayern München,Bundesliga,Poland,Forward,32.48,,right,116,63,2023-06-30 00:00:00,"",Pinhas Zahavi
34,Virgil van Dijk,https://www.footballbenchmark.com/documents/images/Logos/Liverpool FC.png,https://www.footballbenchmark.com/documents/images/Flags/nl.png,76.8,-14.444860023777778,EUR (€),Liverpool FC,Premier League,Netherlands,Centre-back,29.60,193,right,34,4,2023-06-30 00:00:00,"",Wasserman Media Group
35,Gabriel Jesus,https://www.footballbenchmark.com/documents/images/Logos/Manchester City FC.png,https://www.footballbenchmark.com/documents/images/Flags/br.png,75,-5,EUR (€),Manchester City FC,Premier League,Brazil,Forward,23.86,175,right,39,18,2023-06-30 00:00:00,"",Cristiano Simões
36,Marc-André ter Stegen,https://www.footballbenchmark.com/documents/images/Logos/FC Barcelona.png,https://www.footballbenchmark.com/documents/images/Flags/de.png,75,0.6117144219264503,EUR (€),FC Barcelona,La Liga,Germany,Goalkeeper,28.79,187,right,24,0,2025-06-30 00:00:00,"",arena11 sports group
37,Casemiro,https://www.footballbenchmark.com/documents/images/Logos/Real Madrid CF.png,https://www.footballbenchmark.com/documents/images/Flags/br.png,72.6,-1.154214395445848,EUR (€),Real Madrid CF,La Liga,Brazil,Defensive midfielder,28.97,185,right,45,3,2023-06-30 00:00:00,"",Best of You
38,Rodri,https://www.footballbenchmark.com/documents/images/Logos/Manchester City FC.png,https://www.footballbenchmark.com/documents/images/Flags/es.png,72.4,-4.327494957719921,EUR (€),Manchester City FC,Premier League,Spain,Defensive midfielder,24.64,191,right,17,1,2024-06-30 00:00:00,"",Pablo Barquero
39,Raphaël Varane,https://www.footballbenchmark.com/documents/images/Logos/Real Madrid CF.png,https://www.footballbenchmark.com/documents/images/Flags/fr.png,70.2,-5.2643896129806365,EUR (€),Real Madrid CF,La Liga,France,Centre-back,27.80,191,right,70,5,2022-06-30 00:00:00,"",Anthony Varane
40,Achraf Hakimi,https://www.footballbenchmark.com/documents/images/Logos/FC Internazionale Milano.png,https://www.footballbenchmark.com/documents/images/Flags/ma.png,70,2.0615517213716856,EUR (€),FC Internazionale Milano,Serie A,Morocco,Right-back,22.28,179,right,31,2,2025-06-30 00:00:00,,Footfell & Echo Sports
41,Aymeric Laporte,https://www.footballbenchmark.com/documents/images/Logos/Manchester City FC.png,https://www.footballbenchmark.com/documents/images/Flags/fr.png,70,-5,EUR (€),Manchester City FC,Premier League,France,Centre-back,26.71,,left,0,0,2025-06-30 00:00:00,"",Carles Puyol & Ivan De la Pena
42,Mikel Oyarzabal,https://www.footballbenchmark.com/documents/images/Logos/Real Sociedad de Fútbol.png,https://www.footballbenchmark.com/documents/images/Flags/es.png,69.5,10.596760732893898,EUR (€),Real Sociedad de Fútbol,La Liga,Spain,Left winger,23.81,181,left,11,4,2024-06-30 00:00:00,"",Ernesto Oyarzabal
43,Thibaut Courtois,https://www.footballbenchmark.com/documents/images/Logos/Real Madrid CF.png,https://www.footballbenchmark.com/documents/images/Flags/be.png,67.9,6.4024165454155195,EUR (€),Real Madrid CF,La Liga,Belgium,Goalkeeper,28.76,199,left,81,0,2024-06-30 00:00:00,"",Christophe Henrotay
44,Christian Pulisic,https://www.footballbenchmark.com/documents/images/Logos/Chelsea FC.png,https://www.footballbenchmark.com/documents/images/Flags/us.png,67.7,-5.732079042739926,EUR (€),Chelsea FC,Premier League,United States of America,Left winger,22.40,172,right,34,14,2024-06-30 00:00:00,"",Pulisic's relatives
45,Rúben Dias,https://www.footballbenchmark.com/documents/images/Logos/Manchester City FC.png,https://www.footballbenchmark.com/documents/images/Flags/pt.png,67.5,16.400442092471167,EUR (€),Manchester City FC,Premier League,Portugal,Centre-back,23.75,186,right,22,0,2026-06-30 00:00:00,"",Gestifute
46,Andrew Robertson,https://www.footballbenchmark.com/documents/images/Logos/Liverpool FC.png,https://www.footballbenchmark.com/documents/images/Flags/Scotland.png,67.1,2.2710026797389133,EUR (€),Liverpool FC,Premier League,Scotland,Left-back,26.92,,left,40,3,2024-06-30 00:00:00,"",Pro Legal Group
47,Dayot Upamecano,https://www.footballbenchmark.com/documents/images/Logos/RB Leipzig.png,https://www.footballbenchmark.com/documents/images/Flags/fr.png,66.8,9.304766594097735,EUR (€),RB Leipzig,Bundesliga,France,Centre-back,22.30,185,right,3,1,2023-06-30 00:00:00,"",Sports Total
48,Jack Grealish,https://www.footballbenchmark.com/documents/images/Logos/Aston Villa FC.png,https://www.footballbenchmark.com/documents/images/Flags/England.png,66.2,9.249431175264647,EUR (€),Aston Villa FC,Premier League,England,Attacking midfielder,25.43,175,right,3,0,2025-06-30 00:00:00,"",Stellar Group
49,Roberto Firmino,https://www.footballbenchmark.com/documents/images/Logos/Liverpool FC.png,https://www.footballbenchmark.com/documents/images/Flags/br.png,66,-3.8262682260329655,EUR (€),Liverpool FC,Premier League,Brazil,Forward,29.36,,right,45,15,2023-06-30 00:00:00,"",Rogon SportManagement
50,Mason Mount,https://www.footballbenchmark.com/documents/images/Logos/Chelsea FC.png,https://www.footballbenchmark.com/documents/images/Flags/England.png,65.7,6.354133243439442,EUR (€),Chelsea FC,Premier League,England,Attacking midfielder,22.09,178,right,10,2,2024-06-30 00:00:00,"",Stellar Group
51,Ederson,https://www.footballbenchmark.com/documents/images/Logos/Manchester City FC.png,https://www.footballbenchmark.com/documents/images/Flags/br.png,65.3,-5.5870383226328215,EUR (€),Manchester City FC,Premier League,Brazil,Goalkeeper,27.49,188,left,7,0,2025-06-30 00:00:00,"",Gestifute
52,Paulo Dybala,https://www.footballbenchmark.com/documents/images/Logos/Juventus FC.png,https://www.footballbenchmark.com/documents/images/Flags/ar.png,65.2,-8.202812268044369,EUR (€),Juventus FC,Serie A,Argentina,Forward,27.25,177,left,29,2,2022-06-30 00:00:00,"",Gustavo & Mariano Dybala
53,Sergej Milinkovic-Savic,https://www.footballbenchmark.com/documents/images/Logos/SS Lazio.png,https://www.footballbenchmark.com/documents/images/Flags/rs.png,65,0,EUR (€),SS Lazio,Serie A,Serbia,Central midfielder,25.96,191,right,20,3,2024-06-30 00:00:00,"",Mateja Kezman
54,Clément Lenglet,https://www.footballbenchmark.com/documents/images/Logos/FC Barcelona.png,https://www.footballbenchmark.com/documents/images/Flags/fr.png,64.5,3.716281806303386,EUR (€),FC Barcelona,La Liga,France,Centre-back,25.66,,left,10,1,2026-06-30 00:00:00,"",Wasserman Media Group
55,Harry Maguire,https://www.footballbenchmark.com/documents/images/Logos/Manchester United FC.png,https://www.footballbenchmark.com/documents/images/Flags/England.png,64.3,4.130369724184291,EUR (€),Manchester United FC,Premier League,England,Centre-back,27.94,194,right,28,2,2025-06-30 00:00:00,"",Triple S Sports Management & Entertainment Group
56,Richarlison,https://www.footballbenchmark.com/documents/images/Logos/Everton FC.png,https://www.footballbenchmark.com/documents/images/Flags/br.png,63.5,8.521168441653316,EUR (€),Everton FC,Premier League,Brazil,Forward,23.76,179,right,20,6,2024-06-30 00:00:00,"",Velasco Sport Group
57,Cristiano Ronaldo,https://www.footballbenchmark.com/documents/images/Logos/Juventus FC.png,https://www.footballbenchmark.com/documents/images/Flags/pt.png,63.2,-5.425210763473167,EUR (€),Juventus FC,Serie A,Portugal,Left winger,36.02,187,both,168,102,2022-06-30 00:00:00,"",Gestifute
58,Mason Greenwood,https://www.footballbenchmark.com/documents/images/Logos/Manchester United FC.png,https://www.footballbenchmark.com/documents/images/Flags/England.png,63,-3.6352985978765706,EUR (€),Manchester United FC,Premier League,England,Right winger,19.37,,both,1,0,2023-06-30 00:00:00,"",Greenwood's relatives
59,Benjamin Pavard,https://www.footballbenchmark.com/documents/images/Logos/FC Bayern München.png,https://www.footballbenchmark.com/documents/images/Flags/fr.png,62.8,7.7729010606396685,EUR (€),FC Bayern München,Bundesliga,France,Right-back,24.88,186,right,31,2,2024-06-30 00:00:00,"",Carmenta
60,Declan Rice,https://www.footballbenchmark.com/documents/images/Logos/West Ham United FC.png,https://www.footballbenchmark.com/documents/images/Flags/England.png,62.7,10.201891385381863,EUR (€),West Ham United FC,Premier League,England,Defensive midfielder,22.08,185,right,10,2,2024-06-30 00:00:00,"",Wasserman Media Group
61,Fabián Ruiz,https://www.footballbenchmark.com/documents/images/Logos/SSC Napoli.png,https://www.footballbenchmark.com/documents/images/Flags/es.png,62.4,4.0667872634766695,EUR (€),SSC Napoli,Serie A,Spain,Central midfielder,24.86,189,left,9,1,2023-06-30 00:00:00,"",You First Sports
62,Kingsley Coman,https://www.footballbenchmark.com/documents/images/Logos/FC Bayern München.png,https://www.footballbenchmark.com/documents/images/Flags/fr.png,62.2,6.781145680526883,EUR (€),FC Bayern München,Bundesliga,France,Left winger,24.67,179,right,25,5,2023-06-30 00:00:00,"",Coman's relatives
63,Eden Hazard,https://www.footballbenchmark.com/documents/images/Logos/Real Madrid CF.png,https://www.footballbenchmark.com/documents/images/Flags/be.png,61.7,-15.805162018988533,EUR (€),Real Madrid CF,La Liga,Belgium,Left winger,30.10,173,both,106,32,2024-06-30 00:00:00,"",Thierry Hazard
64,Nicolas Pépé,https://www.footballbenchmark.com/documents/images/Logos/Arsenal FC.png,https://www.footballbenchmark.com/documents/images/Flags/ci.png,60.9,-4.1864717868432635,EUR (€),Arsenal FC,Premier League,Ivory Coast,Right winger,25.71,,left,24,5,2024-06-30 00:00:00,"",IBS Agency
65,Hakim Ziyech,https://www.footballbenchmark.com/documents/images/Logos/Chelsea FC.png,https://www.footballbenchmark.com/documents/images/Flags/ma.png,60.4,-5.9484169169798875,EUR (€),Chelsea FC,Premier League,Morocco,Right winger,27.90,180,left,35,16,2025-06-30 00:00:00,"",Nakhli Mondial
66,Rodrygo,https://www.footballbenchmark.com/documents/images/Logos/Real Madrid CF.png,https://www.footballbenchmark.com/documents/images/Flags/br.png,60.4,4.6218329828904245,EUR (€),Real Madrid CF,La Liga,Brazil,Right winger,20.10,,right,3,0,2025-06-30 00:00:00,"",Un1que Football
67,Leon Goretzka,https://www.footballbenchmark.com/documents/images/Logos/FC Bayern München.png,https://www.footballbenchmark.com/documents/images/Flags/de.png,60.2,3.2622820613871824,EUR (€),FC Bayern München,Bundesliga,Germany,Central midfielder,26.02,189,right,29,12,2022-06-30 00:00:00,"",
68,Marquinhos,https://www.footballbenchmark.com/documents/images/Logos/Paris Saint-Germain FC.png,https://www.footballbenchmark.com/documents/images/Flags/br.png,59.9,10.866184398085707,EUR (€),Paris Saint-Germain FC,Ligue 1,Brazil,Centre-back,26.75,183,right,47,2,2024-06-30 00:00:00,"",Bertolucci Sports
69,Ferran Torres,https://www.footballbenchmark.com/documents/images/Logos/Manchester City FC.png,https://www.footballbenchmark.com/documents/images/Flags/es.png,58.9,14.072691791427069,EUR (€),Manchester City FC,Premier League,Spain,Right winger,20.95,,right,7,4,2025-06-30 00:00:00,"",Gestifute
70,Vinícius Júnior,https://www.footballbenchmark.com/documents/images/Logos/Real Madrid CF.png,https://www.footballbenchmark.com/documents/images/Flags/br.png,58.6,5.554484188873239,EUR (€),Real Madrid CF,La Liga,Brazil,Left winger,20.59,177,right,1,0,2025-06-30 00:00:00,"",TFM Agency
71,N'Golo Kanté,https://www.footballbenchmark.com/documents/images/Logos/Chelsea FC.png,https://www.footballbenchmark.com/documents/images/Flags/fr.png,58.1,-1.9915131414102587,EUR (€),Chelsea FC,Premier League,France,Central midfielder,29.87,168,right,44,2,2023-06-30 00:00:00,"",Abdelkarim Douis
72,Dejan Kulusevski,https://www.footballbenchmark.com/documents/images/Logos/Juventus FC.png,https://www.footballbenchmark.com/documents/images/Flags/se.png,57.5,16.18491338307728,EUR (€),Juventus FC,Serie A,Sweden,Right winger,20.80,,left,8,1,2024-06-30 00:00:00,"",Stefano Sem
74,Eduardo Camavinga,https://www.footballbenchmark.com/documents/images/Logos/Stade Rennais FC.png,https://www.footballbenchmark.com/documents/images/Flags/fr.png,57.5,2.5,EUR (€),Stade Rennais FC,Ligue 1,France,Central midfielder,18.26,,left,2,1,2022-06-30 00:00:00,"",Moussa Sissoko
73,Martin Ødegaard,https://www.footballbenchmark.com/documents/images/Logos/Real Madrid CF.png,https://www.footballbenchmark.com/documents/images/Flags/no.png,57.5,-4.287582655738007,EUR (€),Real Madrid CF,La Liga,Norway,Attacking midfielder,22.16,178,left,25,1,2023-06-30 00:00:00,"",KK Management
75,Álvaro Morata,https://www.footballbenchmark.com/documents/images/Logos/Juventus FC.png,https://www.footballbenchmark.com/documents/images/Flags/es.png,57.4,9.316486647432193,EUR (€),Juventus FC,Serie A,Spain,Forward,28.31,189,right,36,18,2023-06-30 00:00:00,Atlético Madrid,Juanma López
77,Federico Valverde,https://www.footballbenchmark.com/documents/images/Logos/Real Madrid CF.png,https://www.footballbenchmark.com/documents/images/Flags/uy.png,57,-1.5615775803004723,EUR (€),Real Madrid CF,La Liga,Uruguay,Central midfielder,22.56,181,right,22,2,2025-06-30 00:00:00,"",Wasserman Media Group
76,Julian Brandt,https://www.footballbenchmark.com/documents/images/Logos/Borussia Dortmund.png,https://www.footballbenchmark.com/documents/images/Flags/de.png,57,-9.132237479615469,EUR (€),Borussia Dortmund,Bundesliga,Germany,Attacking midfielder,24.78,186,right,35,3,2024-06-30 00:00:00,"",Jürgen Brandt
78,Riyad Mahrez,https://www.footballbenchmark.com/documents/images/Logos/Manchester City FC.png,https://www.footballbenchmark.com/documents/images/Flags/dz.png,56.8,-6.6196344906118725,EUR (€),Manchester City FC,Premier League,Algeria,Right winger,29.98,179,left,61,18,2023-06-30 00:00:00,"",Sports Invest UK
79,Victor Osimhen,https://www.footballbenchmark.com/documents/images/Logos/SSC Napoli.png,https://www.footballbenchmark.com/documents/images/Flags/ng.png,56.8,3.7323822000740634,EUR (€),SSC Napoli,Serie A,Nigeria,Forward,22.12,185,right,8,4,2025-06-30 00:00:00,"",DW Sports Management
80,Diogo Jota,https://www.footballbenchmark.com/documents/images/Logos/Liverpool FC.png,https://www.footballbenchmark.com/documents/images/Flags/pt.png,56.3,11.63258414222593,EUR (€),Liverpool FC,Premier League,Portugal,Left winger,24.19,,right,8,3,2025-06-30 00:00:00,"",Gestifute
81,Dominic Calvert-Lewin,https://www.footballbenchmark.com/documents/images/Logos/Everton FC.png,https://www.footballbenchmark.com/documents/images/Flags/England.png,56.1,9.986192649880316,EUR (€),Everton FC,Premier League,England,Forward,23.91,176,right,3,2,2025-06-30 00:00:00,"",Downing SM
82,Donny van de Beek,https://www.footballbenchmark.com/documents/images/Logos/Manchester United FC.png,https://www.footballbenchmark.com/documents/images/Flags/nl.png,55.9,-3.7123026890624686,EUR (€),Manchester United FC,Premier League,Netherlands,Central midfielder,23.82,,right,10,1,2025-06-30 00:00:00,"",Players United
83,Lucas Ocampos,https://www.footballbenchmark.com/documents/images/Logos/Sevilla FC.png,https://www.footballbenchmark.com/documents/images/Flags/ar.png,54.6,6.141164865465456,EUR (€),Sevilla FC,La Liga,Argentina,Right winger,26.59,187,both,5,2,2024-06-30 00:00:00,"",
84,James Maddison,https://www.footballbenchmark.com/documents/images/Logos/Leicester City FC.png,https://www.footballbenchmark.com/documents/images/Flags/England.png,54,-4.719812586591651,EUR (€),Leicester City FC,Premier League,England,Attacking midfielder,24.22,175,right,1,0,2024-06-30 00:00:00,"",Base Soccer Agency
85,Toni Kroos,https://www.footballbenchmark.com/documents/images/Logos/Real Madrid CF.png,https://www.footballbenchmark.com/documents/images/Flags/de.png,53,1.0040961665431496,EUR (€),Real Madrid CF,La Liga,Germany,Central midfielder,31.11,183,right,101,17,2023-06-30 00:00:00,"",Sports Total
86,Ben Chilwell,https://www.footballbenchmark.com/documents/images/Logos/Chelsea FC.png,https://www.footballbenchmark.com/documents/images/Flags/England.png,52.8,5.437404502647524,EUR (€),Chelsea FC,Premier League,England,Left-back,24.15,178,left,11,0,2025-06-30 00:00:00,"",Stellar Group
87,Philippe Coutinho,https://www.footballbenchmark.com/documents/images/Logos/FC Barcelona.png,https://www.footballbenchmark.com/documents/images/Flags/br.png,52.8,-1.4688003496101911,EUR (€),FC Barcelona,La Liga,Brazil,Attacking midfielder,28.67,172,right,62,18,2023-06-30 00:00:00,,Sports Invest UK
88,Thorgan Hazard,https://www.footballbenchmark.com/documents/images/Logos/Borussia Dortmund.png,https://www.footballbenchmark.com/documents/images/Flags/be.png,52.6,-5.0135536359399495,EUR (€),Borussia Dortmund,Bundesliga,Belgium,Left winger,27.87,,right,31,4,2024-06-30 00:00:00,"",Thierry Hazard
90,Houssem Aouar,https://www.footballbenchmark.com/documents/images/Logos/Olympique Lyonnais.png,https://www.footballbenchmark.com/documents/images/Flags/fr.png,52.5,4.7128893667598675,EUR (€),Olympique Lyonnais,Ligue 1,France,Central midfielder,22.62,,right,1,0,2023-06-30 00:00:00,"",Wasserman Media Group
89,Moussa Diaby,https://www.footballbenchmark.com/documents/images/Logos/Bayer 04 Leverkusen.png,https://www.footballbenchmark.com/documents/images/Flags/fr.png,52.5,12.799985774538882,EUR (€),Bayer 04 Leverkusen,Bundesliga,France,Left winger,21.60,170,left,,,2024-06-30 00:00:00,"",
91,Paul Pogba,https://www.footballbenchmark.com/documents/images/Logos/Manchester United FC.png,https://www.footballbenchmark.com/documents/images/Flags/fr.png,52,2.363560816951093,EUR (€),Manchester United FC,Premier League,France,Central midfielder,27.91,191,both,74,10,2022-06-30 00:00:00,"",Mino Raiola
92,Arthur,https://www.footballbenchmark.com/documents/images/Logos/Juventus FC.png,https://www.footballbenchmark.com/documents/images/Flags/br.png,51.5,-6.020196331804485,EUR (€),Juventus FC,Serie A,Brazil,Central midfielder,24.50,171,right,20,0,2025-06-30 00:00:00,"",Ailton Melo
94,Kurt Zouma,https://www.footballbenchmark.com/documents/images/Logos/Chelsea FC.png,https://www.footballbenchmark.com/documents/images/Flags/fr.png,50.8,11.20646222168395,EUR (€),Chelsea FC,Premier League,France,Centre-back,26.30,190,right,7,1,2023-06-30 00:00:00,"",
93,Wilfried Zaha,https://www.footballbenchmark.com/documents/images/Logos/Crystal Palace.png,https://www.footballbenchmark.com/documents/images/Flags/ci.png,50.8,11.506885004486245,EUR (€),Crystal Palace FC,Premier League,Ivory Coast,Left winger,28.26,180,right,18,5,2023-06-30 00:00:00,"",Pinhas Zahavi
95,Youri Tielemans,https://www.footballbenchmark.com/documents/images/Logos/Leicester City FC.png,https://www.footballbenchmark.com/documents/images/Flags/be.png,50.5,2.088880172702723,EUR (€),Leicester City FC,Premier League,Belgium,Central midfielder,23.77,176,right,34,4,2023-06-30 00:00:00,"",Let's Play
96,Jules Koundé,https://www.footballbenchmark.com/documents/images/Logos/Sevilla FC.png,https://www.footballbenchmark.com/documents/images/Flags/fr.png,50.3,5.690014516130681,EUR (€),Sevilla FC,La Liga,France,Centre-back,22.25,,right,,,2024-06-30 00:00:00,"",ESN
97,Rodrigo Bentancur,https://www.footballbenchmark.com/documents/images/Logos/Juventus FC.png,https://www.footballbenchmark.com/documents/images/Flags/uy.png,50.1,-3.93390558157202,EUR (€),Juventus FC,Serie A,Uruguay,Central midfielder,23.63,187,right,33,0,2024-06-30 00:00:00,"",Back Sports
98,Nicolò Barella,https://www.footballbenchmark.com/documents/images/Logos/FC Internazionale Milano.png,https://www.footballbenchmark.com/documents/images/Flags/it.png,50,2.4355274524678876,EUR (€),FC Internazionale Milano,Serie A,Italy,Central midfielder,24.02,175,right,18,4,2024-06-30 00:00:00,"",Break Sport Management Sarl
99,Joe Gomez,https://www.footballbenchmark.com/documents/images/Logos/Liverpool FC.png,https://www.footballbenchmark.com/documents/images/Flags/England.png,49.9,6.50351623750381,EUR (€),Liverpool FC,Premier League,England,Centre-back,23.72,188,right,11,0,2024-06-30 00:00:00,"",Wasserman Media Group
100,Mateo Kovacic,https://www.footballbenchmark.com/documents/images/Logos/Chelsea FC.png,https://www.footballbenchmark.com/documents/images/Flags/hr.png,49.9,-3.3905837434930746,EUR (€),Chelsea FC,Premier League,Croatia,Central midfielder,26.77,178,right,63,3,2024-06-30 00:00:00,"",Venture Partners 11
102,Federico Chiesa,https://www.footballbenchmark.com/documents/images/Logos/Juventus FC.png,https://www.footballbenchmark.com/documents/images/Flags/it.png,49.8,-2.445494190129395,EUR (€),Juventus FC,Serie A,Italy,Right winger,23.30,175,right,21,1,2021-06-30 00:00:00,ACF Fiorentina,Enrico Chiesa
101,Theo Hernández,https://www.footballbenchmark.com/documents/images/Logos/AC Milan.png,https://www.footballbenchmark.com/documents/images/Flags/fr.png,49.8,3.176297339703531,EUR (€),AC Milan,Serie A,France,Left-back,23.35,184,left,,,2024-06-30 00:00:00,"",Manuel Garcia Quilon
103,Phil Foden,https://www.footballbenchmark.com/documents/images/Logos/Manchester City FC.png,https://www.footballbenchmark.com/documents/images/Flags/England.png,49.5,-0.5835299340018381,EUR (€),Manchester City FC,Premier League,England,Central midfielder,20.71,,left,2,0,2024-06-30 00:00:00,"",'- No agent -
104,Raúl Jiménez,https://www.footballbenchmark.com/documents/images/Logos/Wolverhampton Wanderers FC.png,https://www.footballbenchmark.com/documents/images/Flags/mx.png,49.3,-0.9068768951528341,EUR (€),Wolverhampton Wanderers FC,Premier League,Mexico,Forward,29.77,,right,82,23,2024-06-30 00:00:00,"",Gestifute
105,Koke,https://www.footballbenchmark.com/documents/images/Logos/Atlético de Madrid.png,https://www.footballbenchmark.com/documents/images/Flags/es.png,48.7,3.5944622419094188,EUR (€),Atlético de Madrid,La Liga,Spain,Central midfielder,29.10,,right,47,0,2024-06-30 00:00:00,"",Gesport Espizua SL
106,Dele Alli,https://www.footballbenchmark.com/documents/images/Logos/Tottenham Hotspur FC.png,https://www.footballbenchmark.com/documents/images/Flags/England.png,48.3,-12.258382917479112,EUR (€),Tottenham Hotspur FC,Premier League,England,Attacking midfielder,24.84,,right,37,3,2024-06-30 00:00:00,"",Base Soccer Agency
107,Ciro Immobile,https://www.footballbenchmark.com/documents/images/Logos/SS Lazio.png,https://www.footballbenchmark.com/documents/images/Flags/it.png,47.7,-0.3119641887083162,EUR (€),SS Lazio,Serie A,Italy,Forward,30.98,185,right,42,10,2025-06-30 00:00:00,"",GEA World
108,Mikel Merino,https://www.footballbenchmark.com/documents/images/Logos/Real Sociedad de Fútbol.png,https://www.footballbenchmark.com/documents/images/Flags/es.png,47.5,10.430933518335992,EUR (€),Real Sociedad de Fútbol,La Liga,Spain,Central midfielder,24.64,188,left,6,0,2025-06-30 00:00:00,"",Bahía Internacional
109,Ousmane Dembélé,https://www.footballbenchmark.com/documents/images/Logos/FC Barcelona.png,https://www.footballbenchmark.com/documents/images/Flags/fr.png,47.3,2.9691061059149604,EUR (€),FC Barcelona,La Liga,France,Right winger,23.75,178,both,21,2,2022-06-30 00:00:00,"",Moussa Sissoko
110,Marcus Thuram,https://www.footballbenchmark.com/documents/images/Logos/Borussia VfL Mönchengladbach.png,https://www.footballbenchmark.com/documents/images/Flags/fr.png,47,6.421044588858699,EUR (€),Borussia VfL Mönchengladbach,Bundesliga,France,Left winger,23.52,192,right,3,0,2023-06-30 00:00:00,"",Mino Raiola
111,Steven Bergwijn,https://www.footballbenchmark.com/documents/images/Logos/Tottenham Hotspur FC.png,https://www.footballbenchmark.com/documents/images/Flags/nl.png,46.9,-4.036771271110446,EUR (€),Tottenham Hotspur FC,Premier League,Netherlands,Left winger,23.35,178,right,9,0,2025-06-30 00:00:00,"",Muy Manero
112,Fabinho,https://www.footballbenchmark.com/documents/images/Logos/Liverpool FC.png,https://www.footballbenchmark.com/documents/images/Flags/br.png,46.6,0.11381732395633291,EUR (€),Liverpool FC,Premier League,Brazil,Defensive midfielder,27.31,188,right,12,0,2023-06-30 00:00:00,"",Gestifute
113,Reece James,https://www.footballbenchmark.com/documents/images/Logos/Chelsea FC.png,https://www.footballbenchmark.com/documents/images/Flags/England.png,46.6,10.979739838399666,EUR (€),Chelsea FC,Premier League,England,Right-back,21.18,182,right,3,0,2025-06-30 00:00:00,"",Roc Nation Sports
114,Pierre-Emerick Aubameyang,https://www.footballbenchmark.com/documents/images/Logos/Arsenal FC.png,https://www.footballbenchmark.com/documents/images/Flags/ga.png,46.1,-1.4037786063961375,EUR (€),Arsenal FC,Premier League,Gabon,Forward,31.65,,right,51,20,2023-06-30 00:00:00,"",Pierre-Francois Aubameyang
115,Jorginho,https://www.footballbenchmark.com/documents/images/Logos/Chelsea FC.png,https://www.footballbenchmark.com/documents/images/Flags/it.png,46,1.3561868787402531,EUR (€),Chelsea FC,Premier League,Italy,Defensive midfielder,29.15,,right,27,5,2023-06-30 00:00:00,"",Jsport Management
116,Davinson Sánchez,https://www.footballbenchmark.com/documents/images/Logos/Tottenham Hotspur FC.png,https://www.footballbenchmark.com/documents/images/Flags/co.png,45.6,0.5694624081794117,EUR (€),Tottenham Hotspur FC,Premier League,Colombia,Centre-back,24.67,,right,28,0,2024-06-30 00:00:00,"","Villarreal, Schena & Hansen"
117,Pau Torres,https://www.footballbenchmark.com/documents/images/Logos/Villarreal CF.png,https://www.footballbenchmark.com/documents/images/Flags/es.png,45.5,7.447914921907312,EUR (€),Villarreal CF,La Liga,Spain,Centre-back,24.08,191,left,7,1,2024-06-30 00:00:00,"",Interstar Deporte
118,Thiago,https://www.footballbenchmark.com/documents/images/Logos/Liverpool FC.png,https://www.footballbenchmark.com/documents/images/Flags/es.png,45.5,-3.485364257721784,EUR (€),Liverpool FC,Premier League,Spain,Central midfielder,29.84,174,right,39,2,2024-06-30 00:00:00,"",The Player Management
119,Jude Bellingham,https://www.footballbenchmark.com/documents/images/Logos/Borussia Dortmund.png,https://www.footballbenchmark.com/documents/images/Flags/England.png,45,5,EUR (€),Borussia Dortmund,Bundesliga,England,Central midfielder,17.62,180,right,1,0,2023-06-30 00:00:00,"",
120,Rúben Neves,https://www.footballbenchmark.com/documents/images/Logos/Wolverhampton Wanderers FC.png,https://www.footballbenchmark.com/documents/images/Flags/pt.png,44.5,-4.180783407640469,EUR (€),Wolverhampton Wanderers FC,Premier League,Portugal,Defensive midfielder,23.92,,right,18,0,2023-06-30 00:00:00,"",Gestifute
121,Ilkay Gündogan,https://www.footballbenchmark.com/documents/images/Logos/Manchester City FC.png,https://www.footballbenchmark.com/documents/images/Flags/de.png,44.4,-6.039394401890803,EUR (€),Manchester City FC,Premier League,Germany,Central midfielder,30.30,,right,42,8,2023-06-30 00:00:00,"",Ilhan Gündogan
122,Bukayo Saka,https://www.footballbenchmark.com/documents/images/Logos/Arsenal FC.png,https://www.footballbenchmark.com/documents/images/Flags/England.png,44.2,2.621347379812605,EUR (€),Arsenal FC,Premier League,England,Left winger,19.44,,left,4,0,2024-06-30 00:00:00,"",Elite Project Group Ltd.
123,Victor Lindelöf,https://www.footballbenchmark.com/documents/images/Logos/Manchester United FC.png,https://www.footballbenchmark.com/documents/images/Flags/se.png,44.1,1.2632107700558135,EUR (€),Manchester United FC,Premier League,Sweden,Centre-back,26.57,187,right,38,3,2024-06-30 00:00:00,"",HCM Sports Management
125,Lorenzo Pellegrini,https://www.footballbenchmark.com/documents/images/Logos/AS Roma.png,https://www.footballbenchmark.com/documents/images/Flags/it.png,44,1.5,EUR (€),AS Roma,Serie A,Italy,Central midfielder,24.65,186,both,15,2,2022-06-30 00:00:00,"",GP Soccer and Management
124,Mauro Icardi,https://www.footballbenchmark.com/documents/images/Logos/Paris Saint-Germain FC.png,https://www.footballbenchmark.com/documents/images/Flags/ar.png,44,-0.8996206264739115,EUR (€),Paris Saint-Germain FC,Ligue 1,Argentina,Forward,27.98,181,right,8,1,2024-06-30 00:00:00,"",Wanda Nara
126,Adama Traoré Diarra,https://www.footballbenchmark.com/documents/images/Logos/Wolverhampton Wanderers FC.png,https://www.footballbenchmark.com/documents/images/Flags/es.png,43.6,-0.9039191973340266,EUR (€),Wolverhampton Wanderers FC,Premier League,Spain,Right winger,25.05,,right,5,0,2023-06-30 00:00:00,"",Promoesport
127,Callum Hudson-Odoi,https://www.footballbenchmark.com/documents/images/Logos/Chelsea FC.png,https://www.footballbenchmark.com/documents/images/Flags/England.png,43.5,-0.42382353177093535,EUR (€),Chelsea FC,Premier League,England,Left winger,20.27,182,right,3,0,2024-06-30 00:00:00,"",Bismarck Odoi
129,José Giménez,https://www.footballbenchmark.com/documents/images/Logos/Atlético de Madrid.png,https://www.footballbenchmark.com/documents/images/Flags/uy.png,43.1,1.2877191048953094,EUR (€),Atlético de Madrid,La Liga,Uruguay,Centre-back,26.06,,right,60,8,2023-06-30 00:00:00,"",Vida 11
128,Wilfred Ndidi,https://www.footballbenchmark.com/documents/images/Logos/Leicester City FC.png,https://www.footballbenchmark.com/documents/images/Flags/ng.png,43.1,-3.505718291307524,EUR (€),Leicester City FC,Premier League,Nigeria,Defensive midfielder,24.16,183,right,34,0,2024-06-30 00:00:00,"",FirstEleven ISM
130,Ferland Mendy,https://www.footballbenchmark.com/documents/images/Logos/Real Madrid CF.png,https://www.footballbenchmark.com/documents/images/Flags/fr.png,43,2.659975595927108,EUR (€),Real Madrid CF,La Liga,France,Left-back,25.68,,left,6,0,2025-06-30 00:00:00,"",FS Management
131,Raphaël Guerreiro,https://www.footballbenchmark.com/documents/images/Logos/Borussia Dortmund.png,https://www.footballbenchmark.com/documents/images/Flags/pt.png,43,0.9897816549649932,EUR (€),Borussia Dortmund,Bundesliga,Portugal,Left-back,27.14,170,left,45,2,2023-06-30 00:00:00,"",Hu & Gu
133,Denis Zakaria,https://www.footballbenchmark.com/documents/images/Logos/Borussia VfL Mönchengladbach.png,https://www.footballbenchmark.com/documents/images/Flags/ch.png,42.5,0,EUR (€),Borussia VfL Mönchengladbach,Bundesliga,Switzerland,Defensive midfielder,24.23,191,right,28,3,2022-06-30 00:00:00,"",Lian Sports
132,Kalidou Koulibaly,https://www.footballbenchmark.com/documents/images/Logos/SSC Napoli.png,https://www.footballbenchmark.com/documents/images/Flags/sn.png,42.5,-2.5,EUR (€),SSC Napoli,Serie A,Senegal,Centre-back,29.65,195,right,43,1,2023-06-30 00:00:00,"",Lian Sports
134,Milan Skriniar,https://www.footballbenchmark.com/documents/images/Logos/FC Internazionale Milano.png,https://www.footballbenchmark.com/documents/images/Flags/sk.png,42.5,-4.236326933210577,EUR (€),FC Internazionale Milano,Serie A,Slovakia,Centre-back,26.01,187,right,33,0,2023-06-30 00:00:00,"",Skriniar's relatives
135,Christopher Nkunku,https://www.footballbenchmark.com/documents/images/Logos/RB Leipzig.png,https://www.footballbenchmark.com/documents/images/Flags/fr.png,42.4,7.773964016237357,EUR (€),RB Leipzig,Bundesliga,France,Attacking midfielder,23.25,178,right,,,2024-06-30 00:00:00,"",Jose-Karl Pierre-Fanfan
136,Tammy Abraham,https://www.footballbenchmark.com/documents/images/Logos/Chelsea FC.png,https://www.footballbenchmark.com/documents/images/Flags/England.png,42.4,-1.472495512495989,EUR (€),Chelsea FC,Premier League,England,Forward,23.36,190,right,6,1,2023-06-30 00:00:00,"",
137,Duván Zapata,https://www.footballbenchmark.com/documents/images/Logos/Atalanta BC.png,https://www.footballbenchmark.com/documents/images/Flags/co.png,42,5.922465695580698,EUR (€),Atalanta BC,Serie A,Colombia,Forward,29.87,186,right,16,3,2023-06-30 00:00:00,"","Villarreal, Schena & Hansen"
138,Aaron Wan-Bissaka,https://www.footballbenchmark.com/documents/images/Logos/Manchester United FC.png,https://www.footballbenchmark.com/documents/images/Flags/England.png,41.9,-2.563872859388688,EUR (€),Manchester United FC,Premier League,England,Right-back,23.21,183,right,0,0,2024-06-30 00:00:00,"",Unique Sports Management
139,Allan Saint-Maximin,https://www.footballbenchmark.com/documents/images/Logos/Newcastle United FC.png,https://www.footballbenchmark.com/documents/images/Flags/fr.png,41.7,1.2721570157170774,EUR (€),Newcastle United FC,Premier League,France,Left winger,23.92,173,right,,,2026-06-30 00:00:00,"",Hu & Gu
140,Lukas Klostermann,https://www.footballbenchmark.com/documents/images/Logos/RB Leipzig.png,https://www.footballbenchmark.com/documents/images/Flags/de.png,41.6,-1.716836750295606,EUR (€),RB Leipzig,Bundesliga,Germany,Centre-back,24.70,189,right,10,0,2024-06-30 00:00:00,"",EMG Mundial
141,Thomas Müller,https://www.footballbenchmark.com/documents/images/Logos/FC Bayern München.png,https://www.footballbenchmark.com/documents/images/Flags/de.png,41.5,-0.8770593648196083,EUR (€),FC Bayern München,Bundesliga,Germany,Forward,31.42,186,right,100,38,2023-06-30 00:00:00,"",Kögl & Partner GmbH
142,Renan Lodi,https://www.footballbenchmark.com/documents/images/Logos/Atlético de Madrid.png,https://www.footballbenchmark.com/documents/images/Flags/br.png,41.4,0.04822271295218172,EUR (€),Atlético de Madrid,La Liga,Brazil,Left-back,22.85,176,left,5,0,2025-06-30 00:00:00,"",
143,Ángel Correa,https://www.footballbenchmark.com/documents/images/Logos/Atlético de Madrid.png,https://www.footballbenchmark.com/documents/images/Flags/ar.png,41.3,8.311340644903467,EUR (€),Atlético de Madrid,La Liga,Argentina,Right winger,25.93,,right,12,2,2024-06-30 00:00:00,,Augustin Jimenez
145,Iñaki Williams,https://www.footballbenchmark.com/documents/images/Logos/Athletic Club Bilbao.png,https://www.footballbenchmark.com/documents/images/Flags/es.png,40.9,3.8753073419852626,EUR (€),Athletic Club Bilbao,La Liga,Spain,Forward,26.66,186,right,1,0,2028-06-30 00:00:00,"",Gidot Sport
144,Lucas Hernández,https://www.footballbenchmark.com/documents/images/Logos/FC Bayern München.png,https://www.footballbenchmark.com/documents/images/Flags/fr.png,40.9,4.144820212878379,EUR (€),FC Bayern München,Bundesliga,France,Left-back,25.00,182,left,21,0,2024-06-30 00:00:00,"",Manuel Garcia Quilon
146,Thomas Partey,https://www.footballbenchmark.com/documents/images/Logos/Arsenal FC.png,https://www.footballbenchmark.com/documents/images/Flags/gh.png,40.8,-0.6596479372414095,EUR (€),Arsenal FC,Premier League,Ghana,Defensive midfielder,27.67,185,right,28,9,2025-06-30 00:00:00,"",JJ Sport Managers
147,Dean Henderson,https://www.footballbenchmark.com/documents/images/Logos/Manchester United FC.png,https://www.footballbenchmark.com/documents/images/Flags/England.png,40.5,-0.4402715963439263,EUR (€),Manchester United FC,Premier League,England,Goalkeeper,23.92,188,right,1,0,2025-06-30 00:00:00,"",
150,Alessandro Bastoni,https://www.footballbenchmark.com/documents/images/Logos/FC Internazionale Milano.png,https://www.footballbenchmark.com/documents/images/Flags/it.png,40,5.592182457387246,EUR (€),FC Internazionale Milano,Serie A,Italy,Centre-back,21.83,190,left,3,0,2023-06-30 00:00:00,"",TMP SOCCER srl
149,Sandro Tonali,https://www.footballbenchmark.com/documents/images/Logos/AC Milan.png,https://www.footballbenchmark.com/documents/images/Flags/it.png,40,0,EUR (€),AC Milan,Serie A,Italy,Defensive midfielder,20.76,181,right,4,0,2022-06-30 00:00:00,Brescia Calcio,AGB Sport Management
148,Tanguy Ndombélé,https://www.footballbenchmark.com/documents/images/Logos/Tottenham Hotspur FC.png,https://www.footballbenchmark.com/documents/images/Flags/fr.png,40,-4.734219660165024,EUR (€),Tottenham Hotspur FC,Premier League,France,Central midfielder,24.13,181,right,6,0,2025-06-30 00:00:00,"",Yvan Le Mée
188,André Onana,https://www.footballbenchmark.com/documents/images/Logos/AFC Ajax.png,https://www.footballbenchmark.com/documents/images/Flags/cm.png,34.7,3.0413579626026817,EUR (€),AFC Ajax,Eredivisie,Cameroon,Goalkeeper,24.86,187,right,18,0,2022-06-30 00:00:00,"",Goal Management
203,Éverton,https://www.footballbenchmark.com/documents/images/Logos/SL Benfica.png,https://www.footballbenchmark.com/documents/images/Flags/br.png,33.6,-1.0694857250177066,EUR (€),SL Benfica,Primeira Liga,Brazil,Left winger,24.89,174,right,16,3,2025-06-30 00:00:00,"",Gilmar Veloz
220,Donyell Malen,https://www.footballbenchmark.com/documents/images/Logos/PSV Eindhoven.png,https://www.footballbenchmark.com/documents/images/Flags/nl.png,31.7,2.1269034550187698,EUR (€),PSV Eindhoven,Eredivisie,Netherlands,Forward,22.07,179,right,4,1,2024-06-30 00:00:00,"",Mino Raiola
226,David Neres,https://www.footballbenchmark.com/documents/images/Logos/AFC Ajax.png,https://www.footballbenchmark.com/documents/images/Flags/br.png,31.1,0.6451081550631734,EUR (€),AFC Ajax,Eredivisie,Brazil,Right winger,23.95,175,left,7,1,2023-06-30 00:00:00,"",Bertolucci Sports
244,Calvin Stengs,https://www.footballbenchmark.com/documents/images/Logos/AZ Alkmaar.png,https://www.footballbenchmark.com/documents/images/Flags/nl.png,29.7,4.445019401457714,EUR (€),AZ Alkmaar,Eredivisie,Netherlands,Right winger,22.15,187,left,2,0,2023-06-30 00:00:00,"",Mino Raiola
260,Jesús Corona,https://www.footballbenchmark.com/documents/images/Logos/FC Porto.png,https://www.footballbenchmark.com/documents/images/Flags/mx.png,28.5,4.299622048950596,EUR (€),FC Porto,Primeira Liga,Mexico,Right winger,28.10,173,both,42,7,2022-06-30 00:00:00,"",
292,Antony,https://www.footballbenchmark.com/documents/images/Logos/AFC Ajax.png,https://www.footballbenchmark.com/documents/images/Flags/br.png,26.5,2.020370926111948,EUR (€),AFC Ajax,Eredivisie,Brazil,Right winger,20.97,172,left,,,2025-06-30 00:00:00,"",4ComM
304,Myron Boadu,https://www.footballbenchmark.com/documents/images/Logos/AZ Alkmaar.png,https://www.footballbenchmark.com/documents/images/Flags/nl.png,26,0.6484691150421966,EUR (€),AZ Alkmaar,Eredivisie,Netherlands,Forward,20.08,180,right,1,1,2023-06-30 00:00:00,"",Mino Raiola
311,Gabriel Barbosa,https://www.footballbenchmark.com/documents/images/Logos/CR Flamengo.png,https://www.footballbenchmark.com/documents/images/Flags/br.png,25.7,-3.020934096369068,EUR (€),CR Flamengo,Brazil Serie A,Brazil,Forward,24.45,176,left,5,2,2024-12-31 00:00:00,"",4ComM
316,Ismaïla Sarr,https://www.footballbenchmark.com/documents/images/Logos/Watford FC.png,https://www.footballbenchmark.com/documents/images/Flags/sn.png,25.3,-0.0661644415717042,EUR (€),Watford FC,EFL Championship,Senegal,Right winger,22.97,185,right,32,5,2024-06-30 00:00:00,"",Wasserman Media Group
332,Gabriel Veron,https://www.footballbenchmark.com/documents/images/Logos/SE Palmeiras.png,https://www.footballbenchmark.com/documents/images/Flags/br.png,24.5,0,EUR (€),SE Palmeiras,Brazil Serie A,Brazil,Right winger,18.45,176,right,,,2025-09-01 00:00:00,"",
343,Krépin Diatta,https://www.footballbenchmark.com/documents/images/Logos/Club Brugge.png,https://www.footballbenchmark.com/documents/images/Flags/sn.png,23.9,2.56659790147733,EUR (€),Club Brugge,Pro League,Senegal,Right winger,21.97,173,right,16,1,2024-06-30 00:00:00,"",
357,Teun Koopmeiners,https://www.footballbenchmark.com/documents/images/Logos/AZ Alkmaar.png,https://www.footballbenchmark.com/documents/images/Flags/nl.png,23.3,3.914396457888533,EUR (€),AZ Alkmaar,Eredivisie,Netherlands,Defensive midfielder,22.95,,left,1,0,2023-06-30 00:00:00,"",
360,Nicolás Tagliafico,https://www.footballbenchmark.com/documents/images/Logos/AFC Ajax.png,https://www.footballbenchmark.com/documents/images/Flags/ar.png,23.1,-0.8850235480945372,EUR (€),AFC Ajax,Eredivisie,Argentina,Left-back,28.45,171,left,27,0,2023-06-30 00:00:00,"",
365,Emiliano Buendía,https://www.footballbenchmark.com/documents/images/Logos/Norwich City FC.png,https://www.footballbenchmark.com/documents/images/Flags/ar.png,22.9,0.7801935479517574,EUR (€),Norwich City FC,EFL Championship,Argentina,Right winger,24.13,172,right,,,2024-06-30 00:00:00,"",TwentyTwo Sports Management
369,Rafa Silva,https://www.footballbenchmark.com/documents/images/Logos/SL Benfica.png,https://www.footballbenchmark.com/documents/images/Flags/pt.png,22.8,4.746014219053947,EUR (€),SL Benfica,Primeira Liga,Portugal,Left winger,27.74,170,right,18,0,2024-06-30 00:00:00,"",
372,Max Aarons,https://www.footballbenchmark.com/documents/images/Logos/Norwich City FC.png,https://www.footballbenchmark.com/documents/images/Flags/England.png,22.7,0.03408847916714919,EUR (€),Norwich City FC,EFL Championship,England,Right-back,21.11,178,right,,,2024-06-30 00:00:00,"",Darren Dein
387,Quincy Promes,https://www.footballbenchmark.com/documents/images/Logos/AFC Ajax.png,https://www.footballbenchmark.com/documents/images/Flags/nl.png,22.1,-0.4217042264436053,EUR (€),AFC Ajax,Eredivisie,Netherlands,Left winger,29.11,174,right,40,7,2024-06-30 00:00:00,"",Sports Entertainment Group
400,Giorgian de Arrascaeta,https://www.footballbenchmark.com/documents/images/Logos/CR Flamengo.png,https://www.footballbenchmark.com/documents/images/Flags/uy.png,21.4,-0.060769072552076864,EUR (€),CR Flamengo,Brazil Serie A,Uruguay,Attacking midfielder,26.70,172,right,26,3,2023-12-31 00:00:00,"",
403,Felipe Anderson,https://www.footballbenchmark.com/documents/images/Logos/FC Porto.png,https://www.footballbenchmark.com/documents/images/Flags/br.png,21.2,-0.5108444472431799,EUR (€),FC Porto,Primeira Liga,Brazil,Left winger,27.83,175,right,1,0,2022-06-30 00:00:00,West Ham United,Bertolucci Sports
410,Alejandro Grimaldo,https://www.footballbenchmark.com/documents/images/Logos/SL Benfica.png,https://www.footballbenchmark.com/documents/images/Flags/es.png,21,-2.5530735810479186,EUR (€),SL Benfica,Primeira Liga,Spain,Left-back,25.40,176,left,,,2023-06-30 00:00:00,"",Wasserman Media Group
411,Matheus Henrique,https://www.footballbenchmark.com/documents/images/Logos/Gremio FBPA.png,https://www.footballbenchmark.com/documents/images/Flags/br.png,21,1,EUR (€),Gremio FBPA,Brazil Serie A,Brazil,Central midfielder,23.15,175,right,1,0,2023-12-31 00:00:00,"",
421,David Brooks,https://www.footballbenchmark.com/documents/images/Logos/AFC Bournemouth.png,https://www.footballbenchmark.com/documents/images/Flags/Wales.png,20.8,5.757657206699205,EUR (€),AFC Bournemouth,EFL Championship,Wales,Right winger,23.60,173,left,12,1,2022-06-30 00:00:00,"",Unique Sports Management
424,Mohamed Ihattaren,https://www.footballbenchmark.com/documents/images/Logos/PSV Eindhoven.png,https://www.footballbenchmark.com/documents/images/Flags/nl.png,20.7,-0.9537738899841735,EUR (€),PSV Eindhoven,Eredivisie,Netherlands,Attacking midfielder,19.00,,left,0,0,2022-06-30 00:00:00,"",
440,Pedrinho,https://www.footballbenchmark.com/documents/images/Logos/SL Benfica.png,https://www.footballbenchmark.com/documents/images/Flags/br.png,20.1,0.14190457434339976,EUR (€),SL Benfica,Primeira Liga,Brazil,Right winger,22.83,172,left,,,2025-06-30 00:00:00,"",
451,Luca Waldschmidt,https://www.footballbenchmark.com/documents/images/Logos/SL Benfica.png,https://www.footballbenchmark.com/documents/images/Flags/de.png,19.7,2.379161434192355,EUR (€),SL Benfica,Primeira Liga,Germany,Forward,24.73,181,left,7,2,2025-06-30 00:00:00,"",
459,Thiago Almada,https://www.footballbenchmark.com/documents/images/Logos/Vélez Sarsfield.png,https://www.footballbenchmark.com/documents/images/Flags/ar.png,19.5,-0.5,EUR (€),Vélez Sarsfield,Superliga Argentina,Argentina,Attacking midfielder,19.80,171,right,,,2023-06-30 00:00:00,"",
480,Emmanuel Dennis,https://www.footballbenchmark.com/documents/images/Logos/Club Brugge.png,https://www.footballbenchmark.com/documents/images/Flags/ng.png,18.9,3.2064041710017044,EUR (€),Club Brugge,Pro League,Nigeria,Forward,23.25,174,right,3,0,2022-06-30 00:00:00,"",
478,Harry Wilson,https://www.footballbenchmark.com/documents/images/Logos/Cardiff City FC.png,https://www.footballbenchmark.com/documents/images/Flags/Wales.png,18.9,0.10116634482523423,EUR (€),Cardiff City FC,EFL Championship,Wales,Right winger,23.89,173,left,17,3,2023-06-30 00:00:00,Liverpool FC,Base Soccer Agency
511,Matías Zaracho,https://www.footballbenchmark.com/documents/images/Logos/Clube Atlético Mineiro.png,https://www.footballbenchmark.com/documents/images/Flags/ar.png,18,0.8372528112360165,EUR (€),Clube Atlético Mineiro,Brazil Serie A,Argentina,Attacking midfielder,22.93,171,right,1,0,2025-10-15 00:00:00,"",
530,Pizzi,https://www.footballbenchmark.com/documents/images/Logos/SL Benfica.png,https://www.footballbenchmark.com/documents/images/Flags/pt.png,17.2,-0.97199016511804,EUR (€),SL Benfica,Primeira Liga,Portugal,Attacking midfielder,31.35,172,right,17,3,2023-06-30 00:00:00,"",
547,Abdülkadir Ömür,https://www.footballbenchmark.com/documents/images/Logos/Trabzonspor.png,https://www.footballbenchmark.com/documents/images/Flags/tr.png,16.8,-0.06436367246146091,EUR (€),Trabzonspor,Süper Lig,Turkey,Attacking midfielder,21.63,168,left,7,0,2022-06-30 00:00:00,"",
551,Gerson,https://www.footballbenchmark.com/documents/images/Logos/CR Flamengo.png,https://www.footballbenchmark.com/documents/images/Flags/br.png,16.7,1.664167509210973,EUR (€),CR Flamengo,Brazil Serie A,Brazil,Central midfielder,23.73,175,left,,,2023-12-31 00:00:00,"",
553,Julian Weigl,https://www.footballbenchmark.com/documents/images/Logos/SL Benfica.png,https://www.footballbenchmark.com/documents/images/Flags/de.png,16.6,-1.476874582456272,EUR (€),SL Benfica,Primeira Liga,Germany,Defensive midfielder,25.43,186,right,5,0,2024-06-30 00:00:00,"",
564,Hans Vanaken,https://www.footballbenchmark.com/documents/images/Logos/Club Brugge.png,https://www.footballbenchmark.com/documents/images/Flags/be.png,16.3,3.0135484316132253,EUR (€),Club Brugge,Pro League,Belgium,Attacking midfielder,28.47,194,right,8,0,2025-06-30 00:00:00,"",
570,Todd Cantwell,https://www.footballbenchmark.com/documents/images/Logos/Norwich City FC.png,https://www.footballbenchmark.com/documents/images/Flags/England.png,16,3.296863996450723,EUR (€),Norwich City FC,EFL Championship,England,Left winger,22.96,177,right,,,2022-06-30 00:00:00,"",
593,Joshua King,https://www.footballbenchmark.com/documents/images/Logos/AFC Bournemouth.png,https://www.footballbenchmark.com/documents/images/Flags/no.png,15.4,1.8916848243008424,EUR (€),AFC Bournemouth,EFL Championship,Norway,Forward,29.08,180,right,51,17,2021-06-30 00:00:00,"",
594,Moussa Marega,https://www.footballbenchmark.com/documents/images/Logos/FC Porto.png,https://www.footballbenchmark.com/documents/images/Flags/ml.png,15.4,-2.184390391726936,EUR (€),FC Porto,Primeira Liga,Mali,Forward,29.83,186,right,24,3,2021-06-30 00:00:00,"",
636,Mbwana Samatta,https://www.footballbenchmark.com/documents/images/Logos/Fenerbahce SK.png,https://www.footballbenchmark.com/documents/images/Flags/tz.png,14.2,-5.11568533871099,EUR (€),Fenerbahce SK,Süper Lig,Tanzania,Forward,28.14,180,right,51,18,2024-06-30 00:00:00,Aston Villa,SPOCS Global Sports
649,Agustín Almendra,https://www.footballbenchmark.com/documents/images/Logos/Boca Juniors.png,https://www.footballbenchmark.com/documents/images/Flags/ar.png,14,-1,EUR (€),Boca Juniors,Superliga Argentina,Argentina,Central midfielder,21.01,181,right,,,2022-06-30 00:00:00,"",
653,Pedro Guilherme Abreu dos Santos,https://www.footballbenchmark.com/documents/images/Logos/CR Flamengo.png,https://www.footballbenchmark.com/documents/images/Flags/br.png,13.9,0.7180466158699907,EUR (€),CR Flamengo,Brazil Serie A,Brazil,Forward,23.65,185,right,0,0,2024-06-30 00:00:00,ACF Fiorentina,
664,Ugurcan Cakir,https://www.footballbenchmark.com/documents/images/Logos/Trabzonspor.png,https://www.footballbenchmark.com/documents/images/Flags/tr.png,13.6,-0.3906252178543283,EUR (€),Trabzonspor,Süper Lig,Turkey,Goalkeeper,24.86,191,right,4,0,2024-06-30 00:00:00,"",
673,Roman Yaremchuk,https://www.footballbenchmark.com/documents/images/Logos/KAA Gent.png,https://www.footballbenchmark.com/documents/images/Flags/ua.png,13.4,2.0617546539769087,EUR (€),KAA Gent,Pro League,Ukraine,Forward,25.21,191,both,19,6,2023-06-30 00:00:00,"",
691,Zinho Vanheusden,https://www.footballbenchmark.com/documents/images/Logos/Royal Standard de Liége.png,https://www.footballbenchmark.com/documents/images/Flags/be.png,13,-1,EUR (€),Royal Standard de Liège,Pro League,Belgium,Centre-back,21.54,,right,1,0,2023-06-30 00:00:00,"",
701,Jefferson Lerma,https://www.footballbenchmark.com/documents/images/Logos/AFC Bournemouth.png,https://www.footballbenchmark.com/documents/images/Flags/co.png,12.8,-1.324989053314642,EUR (€),AFC Bournemouth,EFL Championship,Colombia,Defensive midfielder,26.30,185,right,18,0,2023-06-30 00:00:00,"",
728,Talles Magno,https://www.footballbenchmark.com/documents/images/Logos/CR Vasco da Gama.png,https://www.footballbenchmark.com/documents/images/Flags/br.png,12.2,5.5577066734826515,EUR (€),CR Vasco da Gama,Brazil Serie A,Brazil,Left winger,18.63,185,left,,,2022-12-31 00:00:00,"",
737,Nicolás De La Cruz,https://www.footballbenchmark.com/documents/images/Logos/River Plate.png,https://www.footballbenchmark.com/documents/images/Flags/uy.png,12,-1.5,EUR (€),River Plate,Superliga Argentina,Uruguay,Attacking midfielder,23.70,167,right,4,0,2021-06-30 00:00:00,"",
742,Yari Verschaeren,https://www.footballbenchmark.com/documents/images/Logos/RSC Anderlecht.png,https://www.footballbenchmark.com/documents/images/Flags/be.png,11.9,-2.3798101572511143,EUR (€),RSC Anderlecht,Pro League,Belgium,Attacking midfielder,19.59,,right,6,1,2022-06-30 00:00:00,"",
760,Santos Borré,https://www.footballbenchmark.com/documents/images/Logos/River Plate.png,https://www.footballbenchmark.com/documents/images/Flags/co.png,11.6,-0.3048344817068678,EUR (€),River Plate,Superliga Argentina,Colombia,Forward,25.41,174,right,2,0,2021-06-30 00:00:00,"",
770,Patrick de Paula,https://www.footballbenchmark.com/documents/images/Logos/SE Palmeiras.png,https://www.footballbenchmark.com/documents/images/Flags/br.png,11.4,0,EUR (€),SE Palmeiras,Brazil Serie A,Brazil,Defensive midfielder,21.43,,left,,,2024-06-30 00:00:00,"",
787,Joakim Maehle,https://www.footballbenchmark.com/documents/images/Logos/KRC Genk.png,https://www.footballbenchmark.com/documents/images/Flags/dk.png,11.2,1.7337609242647254,EUR (€),KRC Genk,Pro League,Denmark,Right-back,23.73,185,right,6,1,2023-06-30 00:00:00,"",
799,Dominic Solanke,https://www.footballbenchmark.com/documents/images/Logos/AFC Bournemouth.png,https://www.footballbenchmark.com/documents/images/Flags/England.png,11.1,2.0940244181670984,EUR (€),AFC Bournemouth,EFL Championship,England,Forward,23.41,,right,1,0,2022-06-30 00:00:00,"",
796,Jean Pyerre,https://www.footballbenchmark.com/documents/images/Logos/Gremio FBPA.png,https://www.footballbenchmark.com/documents/images/Flags/br.png,11.1,0.38706582752644714,EUR (€),Gremio FBPA,Brazil Serie A,Brazil,Attacking midfielder,22.77,183,right,,,2023-12-31 00:00:00,"",
812,Agustín Urzi,https://www.footballbenchmark.com/documents/images/Logos/Club Atlético Banfield.png,https://www.footballbenchmark.com/documents/images/Flags/ar.png,11,3.223918487967583,EUR (€),Club Atlético Banfield,Superliga Argentina,Argentina,Left winger,20.78,176,left,,,2023-06-30 00:00:00,"",
811,Albert Sambi Lokonga,https://www.footballbenchmark.com/documents/images/Logos/RSC Anderlecht.png,https://www.footballbenchmark.com/documents/images/Flags/be.png,11,0.14523086577407085,EUR (€),RSC Anderlecht,Pro League,Belgium,Central midfielder,21.31,173,right,,,2023-06-30 00:00:00,"",
810,Julián Álvarez,https://www.footballbenchmark.com/documents/images/Logos/River Plate.png,https://www.footballbenchmark.com/documents/images/Flags/ar.png,11,0,EUR (€),River Plate,Superliga Argentina,Argentina,Forward,21.04,173,right,,,2022-12-31 00:00:00,"",
850,Charles De Ketelaere,https://www.footballbenchmark.com/documents/images/Logos/Club Brugge.png,https://www.footballbenchmark.com/documents/images/Flags/be.png,10.6,0.9530031168140152,EUR (€),Club Brugge,Pro League,Belgium,Attacking midfielder,19.93,185,left,1,0,2023-06-30 00:00:00,"",
853,Philip Billing,https://www.footballbenchmark.com/documents/images/Logos/AFC Bournemouth.png,https://www.footballbenchmark.com/documents/images/Flags/dk.png,10.5,-1.69711431265136,EUR (€),AFC Bournemouth,EFL Championship,Denmark,Central midfielder,24.67,193,left,1,0,2024-06-30 00:00:00,"",
873,Irfan Can Kahveci,https://www.footballbenchmark.com/documents/images/Logos/Istanbul Basaksehir FK.png,https://www.footballbenchmark.com/documents/images/Flags/tr.png,10.3,0.4586297043867589,EUR (€),Istanbul Basaksehir FK,Süper Lig,Turkey,Central midfielder,25.58,175,left,17,0,2024-06-30 00:00:00,"",
892,Edin Visca,https://www.footballbenchmark.com/documents/images/Logos/Istanbul Basaksehir FK.png,https://www.footballbenchmark.com/documents/images/Flags/ba.png,10,-0.7679644462026953,EUR (€),Istanbul Basaksehir FK,Süper Lig,Bosnia-Herzegovina,Right winger,30.99,172,right,55,10,2025-06-30 00:00:00,"",
941,Elisha Owusu,https://www.footballbenchmark.com/documents/images/Logos/KAA Gent.png,https://www.footballbenchmark.com/documents/images/Flags/fr.png,9.5,-0.4087705789091185,EUR (€),KAA Gent,Pro League,France,Defensive midfielder,23.27,182,right,,,2023-06-30 00:00:00,"",
934,Pedro de La Vega,https://www.footballbenchmark.com/documents/images/Logos/Club Atlético Lanús.png,https://www.footballbenchmark.com/documents/images/Flags/ar.png,9.5,0.01697297118926322,EUR (€),Club Atlético Lanús,Superliga Argentina,Argentina,Right winger,20.02,175,right,,,2023-06-30 00:00:00,"",
978,Gonzalo Montiel,https://www.footballbenchmark.com/documents/images/Logos/River Plate.png,https://www.footballbenchmark.com/documents/images/Flags/ar.png,9,0,EUR (€),River Plate,Superliga Argentina,Argentina,Right-back,24.12,,right,6,0,2021-06-30 00:00:00,"",
984,Nacer Chadli,https://www.footballbenchmark.com/documents/images/Logos/Istanbul Basaksehir FK.png,https://www.footballbenchmark.com/documents/images/Flags/be.png,9,-0.21430617244672767,EUR (€),Istanbul Basaksehir FK,Süper Lig,Belgium,Left winger,31.53,,right,61,8,2022-06-30 00:00:00,"",
1000,Esteban Andrada,https://www.footballbenchmark.com/documents/images/Logos/Boca Juniors.png,https://www.footballbenchmark.com/documents/images/Flags/ar.png,8.6,-0.3776718754853672,EUR (€),Boca Juniors,Superliga Argentina,Argentina,Goalkeeper,30.05,193,right,4,0,2023-06-30 00:00:00,"",
1073,Fausto Vera,https://www.footballbenchmark.com/documents/images/Logos/Argentinos Juniors.png,https://www.footballbenchmark.com/documents/images/Flags/ar.png,8,0,EUR (€),Argentinos Juniors,Superliga Argentina,Argentina,Defensive midfielder,20.88,,,,,2021-06-30 00:00:00,"",
1108,Christian Luyindama,https://www.footballbenchmark.com/documents/images/Logos/Galatasaray SK.png,https://www.footballbenchmark.com/documents/images/Flags/cd.png,7.6,1.516835477793121,EUR (€),Galatasaray SK,Süper Lig,DR Congo,Centre-back,27.10,191,right,15,0,2022-06-30 00:00:00,"",
1107,Ozan Tufan,https://www.footballbenchmark.com/documents/images/Logos/Fenerbahce SK.png,https://www.footballbenchmark.com/documents/images/Flags/tr.png,7.6,1.5345044269388204,EUR (€),Fenerbahce SK,Süper Lig,Turkey,Central midfielder,25.89,179,right,55,7,2023-06-30 00:00:00,"",
1127,Marcelo Saracchi,https://www.footballbenchmark.com/documents/images/Logos/Galatasaray SK.png,https://www.footballbenchmark.com/documents/images/Flags/uy.png,7.5,-1.3808451285753112,EUR (€),Galatasaray SK,Süper Lig,Uruguay,Left-back,22.81,172,left,4,0,2023-06-30 00:00:00,RB Leipzig,
1139,Marcão,https://www.footballbenchmark.com/documents/images/Logos/Galatasaray SK.png,https://www.footballbenchmark.com/documents/images/Flags/br.png,7.4,1.8829674828911953,EUR (€),Galatasaray SK,Süper Lig,Brazil,Centre-back,24.69,185,left,,,2022-06-30 00:00:00,"",
